[{
        "id": 1,
        "nombre": "Harry",
        "email": "harry@bluuweb.cl",
        "estado": "alabama",
        "edad": 45,
        "salario": 1700
    },
    {
        "id": 2,
        "nombre": "Debra",
        "email": "deb@bluuweb.cl",
        "estado": false,
        "edad": 67,
        "salario": 3700
    },
    {
        "id": 3,
        "nombre": "Dexter",
        "email": "dex@bluuweb.cl",
        "estado": true,
        "edad": 19,
        "salario": 1200
    },
    {
        "id": 4,
        "nombre": "Rita",
        "email": "rita@bluuweb.cl",
        "estado": true,
        "edad": 81,
        "salario": 1300
    }
]